residues in contact,ROI partner position,ROI partner residue,ROI partner domain,second partner position,second partner residue,second partner domain,median contacts distance,number atoms contacts,atoms contacts,atoms contacts distances,ROI partner types
685GLY_574THR,685,GLY,HVR,574,THR,Protease,2.099799924844925,1,GLY685_O-THR574_OG1-HG1,2.099799924844925,donor
687LEU_573ARG,687,LEU,HVR,573,ARG,Protease,2.1934772131806213,2,LEU687_O-ARG573_N-H;ARG573_O-LEU687_N-H,2.073605219154293;2.31334920720695,donor;acceptor
688TRP_216ARG,688,TRP,HVR,216,ARG,Methyltransferase,2.45069423291469,1,TRP688_O-ARG216_NH2-HH22,2.45069423291469,donor
689GLU_215ASN,689,GLU,HVR,215,ASN,Methyltransferase,2.235027939591964,2,GLU689_OE1-ASN215_ND2-HD22;GLU689_OE2-ASN215_ND2-HD22,2.268644495417148;2.2014113837667804,donor;donor
689GLU_216ARG,689,GLU,HVR,216,ARG,Methyltransferase,1.8946719623675885,1,GLU689_OE2-ARG216_NH2-HH22,1.8946719623675885,donor
689GLU_571ILE,689,GLU,HVR,571,ILE,Protease,2.022105203197219,2,GLU689_O-ILE571_N-H;ILE571_O-GLU689_N-H,2.009109458816578;2.03510094757786,donor;acceptor
689GLU_573ARG,689,GLU,HVR,573,ARG,Protease,1.8513425365162333,1,GLU689_OE1-ARG573_NH1-HH11,1.8513425365162333,donor
691ALA_569ASN,691,ALA,HVR,569,ASN,Protease,2.169422199148728,1,ASN569_O-ALA691_N-H,2.169422199148728,acceptor
697GLU_113ARG,697,GLU,HVR,113,ARG,Methyltransferase,1.9565168898718261,4,GLU697_OE1-ARG113_NH1-HH12;GLU697_OE1-ARG113_NH2-HH22;GLU697_OE2-ARG113_NH1-HH12;GLU697_OE2-ARG113_NH2-HH22,2.031145745200996;1.9085232746362903;1.999127468645498;1.9139063110981545,donor;donor;donor;donor
706SER_736SER,706,SER,HVR,736,SER,HVR,2.2901154490798783,1,SER706_O-SER736_N-H,2.2901154490798783,donor
708SER_657ARG,708,SER,HVR,657,ARG,between Protease and HVR,2.08981824106022,3,SER708_O-ARG657_NE-HE;SER708_OG-ARG657_NE-HE;SER708_OG-ARG657_NH2-HH21,2.08981824106022;2.4676900283273544;1.985276613185578,donor;donor;donor
709GLY_721HIE,709,GLY,HVR,721,HIE,HVR,1.9806103166227471,1,GLY709_O-HIE721_NE2-HE2,1.9806103166227471,donor
712SER_654ARG,712,SER,HVR,654,ARG,between Protease and HVR,2.513206283747178,3,SER712_OG-ARG654_NE-HE;SER712_OG-ARG654_NH2-HH21;ARG654_O-SER712_N-H,1.974149685824148;2.5297859843198904;2.513206283747178,donor;donor;acceptor
713ASP_661ARG,713,ASP,HVR,661,ARG,between Protease and HVR,1.8649059485752275,1,ASP713_OD1-ARG661_NH1-HH11,1.8649059485752275,donor
713ASP_732SER,713,ASP,HVR,732,SER,HVR,1.9564331557059431,1,ASP713_OD2-SER732_OG-HG,1.9564331557059431,donor
715SER_661ARG,715,SER,HVR,661,ARG,between Protease and HVR,2.492593034400272,1,SER715_OG-ARG661_NH1-HH12,2.492593034400272,donor
718GLU_742TRP,718,GLU,HVR,742,TRP,HVR,2.0674089801536955,1,GLU718_O-TRP742_NE1-HE1,2.0674089801536955,donor
719ALA_661ARG,719,ALA,HVR,661,ARG,between Protease and HVR,2.254373710631463,2,ALA719_O-ARG661_NH1-HH12;ALA719_O-ARG661_NH2-HH22,2.6211727483433718;1.8875746729195544,donor;donor
721HIE_742TRP,721,HIE,HVR,742,TRP,HVR,2.0037342078400817,1,HIE721_O-TRP742_N-H,2.0037342078400817,donor
732SER_711SER,732,SER,HVR,711,SER,HVR,2.327943384430648,1,SER732_O-SER711_N-H,2.327943384430648,donor
740ASP_723ALA,740,ASP,HVR,723,ALA,HVR,2.0269758697028064,1,ASP740_O-ALA723_N-H,2.0269758697028064,donor
743VAL_661ARG,743,VAL,HVR,661,ARG,between Protease and HVR,2.1352021726123263,1,VAL743_O-ARG661_NH2-HH21,2.1352021726123263,donor
744PHE_661ARG,744,PHE,HVR,661,ARG,between Protease and HVR,2.18628360286929,2,PHE744_O-ARG661_NE-HE;PHE744_O-ARG661_NH2-HH21,1.950536299545912;2.4220309061926684,donor;donor
747PRO_657ARG,747,PRO,HVR,657,ARG,between Protease and HVR,2.2091477736621075,1,PRO747_O-ARG657_NH1-HH11,2.2091477736621075,donor
748SER_761VAL,748,SER,HVR,761,VAL,HVR,2.1178456448563363,1,SER748_O-VAL761_N-H,2.1178456448563363,donor
749GLU_653HIE,749,GLU,HVR,653,HIE,between Protease and HVR,2.0109541726355995,2,GLU749_OE1-HIE653_NE2-HE2;GLU749_OE2-HIE653_NE2-HE2,2.0191921016494576;2.0027162436217414,donor;donor
749GLU_657ARG,749,GLU,HVR,657,ARG,between Protease and HVR,1.9603895610454265,4,GLU749_OE1-ARG657_NH1-HH12;GLU749_OE1-ARG657_NH2-HH22;GLU749_OE2-ARG657_NH1-HH12;GLU749_OE2-ARG657_NH2-HH22,2.07713917101222;1.8983084958095635;2.0135666221389545;1.9072124999518985,donor;donor;donor;donor
760PRO_294GLY,760,PRO,HVR,294,GLY,Y domain,1.990984810944652,1,PRO760_O-GLY294_N-H,1.990984810944652,donor
762SER_292ILE,762,SER,HVR,292,ILE,Y domain,2.013023990424041,1,ILE292_O-SER762_N-H,2.013023990424041,acceptor
762SER_660GLN,762,SER,HVR,660,GLN,between Protease and HVR,2.1068075076451533,1,SER762_OG-GLN660_NE2-HE21,2.1068075076451533,donor
766ASN_374THR,766,ASN,HVR,374,THR,Y domain,2.021877457778942,1,THR374_OG1-ASN766_ND2-HD22,2.021877457778942,acceptor
771ASN_304SER,771,ASN,HVR,304,SER,Y domain,2.1173585257185525,1,ASN771_OD1-SER304_N-H,2.1173585257185525,donor
771ASN_589GLN,771,ASN,HVR,589,GLN,Protease,1.985302672134784,1,GLN589_O-ASN771_N-H,1.985302672134784,acceptor
772LYS_581HIE,772,LYS,HVR,581,HIE,Protease,2.196294518277145,1,HIE581_ND1-LYS772_N-H,2.196294518277145,acceptor
773SER_306CYS,773,SER,HVR,306,CYS,Y domain,2.25493123524023,1,SER773_O-CYS306_N-H,2.25493123524023,donor
776THR_575SER,776,THR,HVR,575,SER,Protease,1.9649435172216705,1,THR776_O-SER575_N-H,1.9649435172216705,donor
778GLY_502TYR,778,GLY,HVR,502,TYR,Protease,2.252562479537454,1,TYR502_OH-GLY778_N-H,2.252562479537454,acceptor
778GLY_560ARG,778,GLY,HVR,560,ARG,Protease,1.8769537005585424,1,GLY778_O-ARG560_NE-HE,1.8769537005585424,donor
779LYS_503GLU,779,LYS,HVR,503,GLU,Protease,1.9020438350514888,1,GLU503_OE2-LYS779_N-H,1.9020438350514888,acceptor
780VAL_429GLN,780,VAL,HVR,429,GLN,Y domain,2.003394299879081,1,VAL780_O-GLN429_NE2-HE21,2.003394299879081,donor
780VAL_505SER,780,VAL,HVR,505,SER,Protease,2.317151494827247,1,SER505_OG-VAL780_N-H,2.317151494827247,acceptor
791LYS_458ARG,791,LYS,HVR,458,ARG,Protease,2.57510423543877,2,LYS791_O-ARG458_NH1-HH11;LYS791_O-ARG458_NH1-HH12,2.7726822309799037;2.377526239897636,donor;donor
791LYS_489GLU,791,LYS,HVR,489,GLU,Protease,2.116307020589938,1,GLU489_O-LYS791_N-H,2.116307020589938,acceptor
792LYS_173ASP,792,LYS,HVR,173,ASP,Methyltransferase,2.2951348484349863,2,ASP173_OD1-LYS792_N-H;ASP173_OD2-LYS792_N-H,2.2266352352376;2.363634461632373,acceptor;acceptor
795ASP_458ARG,795,ASP,HVR,458,ARG,Protease,2.139793815142953,1,ASP795_O-ARG458_NE-HE,2.139793815142953,donor
803CYS_179ALA,803,CYS,HVR,179,ALA,Methyltransferase,2.3452797947872868,1,ALA179_O-CYS803_N-H,2.3452797947872868,acceptor
804ALA_180ARG,804,ALA,HVR,180,ARG,Methyltransferase,2.257688680522916,1,ARG180_O-ALA804_N-H,2.257688680522916,acceptor
807THR_143ARG,807,THR,HVR,143,ARG,Methyltransferase,2.217988984697632,2,THR807_OG1-ARG143_NH1-HH12;THR807_OG1-ARG143_NH2-HH22,2.46734632830941;1.9686316410858535,donor;donor
809PRO_143ARG,809,PRO,HVR,143,ARG,Methyltransferase,1.9344427246664395,1,PRO809_O-ARG143_NH2-HH21,1.9344427246664395,donor
813THR_103LEU,813,THR,HVR,103,LEU,Methyltransferase,2.142308601350069,2,LEU103_O-THR813_N-H;LEU103_O-THR813_OG1-HG1,2.1462810883053938;2.138336114394745,acceptor;acceptor
825THR_97ASN,825,THR,HVR,97,ASN,Methyltransferase,2.04796844317419,1,ASN97_OD1-THR825_N-H,2.04796844317419,acceptor
826PRO_94ARG,826,PRO,HVR,94,ARG,Methyltransferase,1.9403577806877723,1,PRO826_O-ARG94_NH1-HH12,1.9403577806877723,donor
827ARG_891GLU,827,ARG,HVR,891,GLU,X domain,1.8661258697730423,2,GLU891_OE1-ARG827_NH1-HH11;GLU891_OE2-ARG827_NH1-HH11,1.8666768527780773;1.8655748867680075,acceptor;acceptor
831ARG_897ASP,831,ARG,HVR,897,ASP,X domain,1.9912606779115998,4,ASP897_OD1-ARG831_NH1-HH12;ASP897_OD1-ARG831_NH2-HH22;ASP897_OD2-ARG831_NH1-HH12;ASP897_OD2-ARG831_NH2-HH22,2.029519866926191;1.9530014888970084;2.0829137336346606;1.9193374023410843,acceptor;acceptor;acceptor;acceptor
834PRO_40ARG,834,PRO,HVR,40,ARG,before Methyltransferase,2.092806813968801,1,PRO834_O-ARG40_N-H,2.092806813968801,donor
835VAL_911PRO,835,VAL,HVR,911,PRO,X domain,2.1573376862558127,1,PRO911_O-VAL835_N-H,2.1573376862558127,acceptor
836SER_860PHE,836,SER,HVR,860,PHE,X domain,2.2854843450084017,1,PHE860_O-SER836_OG-HG,2.2854843450084017,acceptor
836SER_912ARG,836,SER,HVR,912,ARG,X domain,1.9809400224359168,1,SER836_OG-ARG912_NH1-HH11,1.9809400224359168,donor
836SER_40ARG,836,SER,HVR,40,ARG,before Methyltransferase,2.0167953843461355,1,SER836_O-ARG40_NH1-HH11,2.0167953843461355,donor
837PRO_888ARG,837,PRO,HVR,888,ARG,X domain,2.0643796352250288,1,PRO837_O-ARG888_NE-HE,2.0643796352250288,donor
838PRO_888ARG,838,PRO,HVR,888,ARG,X domain,2.2863338981742984,2,PRO838_O-ARG888_NE-HE;PRO838_O-ARG888_NH2-HH21,2.707899362949544;1.864768433399053,donor;donor
839ALA_53ARG,839,ALA,HVR,53,ARG,before Methyltransferase,2.1849394297028573,1,ALA839_O-ARG53_N-H,2.1849394297028573,donor
840ARG_17GLU,840,ARG,HVR,17,GLU,before Methyltransferase,2.008300270918445,4,GLU17_OE1-ARG840_NE-HE;GLU17_OE1-ARG840_NH2-HH21;GLU17_OE2-ARG840_NE-HE;GLU17_OE2-ARG840_NH2-HH21,1.9891573134257732;2.027443228411117;1.981410128475986;2.070644176611392,acceptor;acceptor;acceptor;acceptor
840ARG_857GLY,840,ARG,HVR,857,GLY,X domain,2.008102798479513,1,GLY857_O-ARG840_NH1-HH11,2.008102798479513,acceptor
840ARG_980GLU,840,ARG,HVR,980,GLU,X domain,1.9397342561053208,4,GLU980_OE1-ARG840_NH1-HH12;GLU980_OE1-ARG840_NH2-HH22;GLU980_OE2-ARG840_NH1-HH12;GLU980_OE2-ARG840_NH2-HH22,1.8373394163631755;2.1604698940987923;1.8644979269436752;2.0149705852669664,acceptor;acceptor;acceptor;acceptor
841THR_51GLN,841,THR,HVR,51,GLN,before Methyltransferase,2.047452657060281,1,GLN51_OE1-THR841_N-H,2.047452657060281,acceptor
842ARG_863ASN,842,ARG,HVR,863,ASN,X domain,2.004226603579478,1,ASN863_OD1-ARG842_NH2-HH22,2.004226603579478,acceptor
